"","file","Replicate","Resonance","Area","Name"
"1","13C-VAN-1","4","C1",385.735,"TopSpin"
"2","13C-VAN-1","4","C2",376.217,"TopSpin"
"3","13C-VAN-1","4","C3",376.651,"TopSpin"
"4","13C-VAN-1","4","C4",373.955,"TopSpin"
"5","13C-VAN-1","4","C5",380.172,"TopSpin"
"6","13C-VAN-1","4","C6",378.506,"TopSpin"
"7","13C-VAN-1","4","C7",380.192,"TopSpin"
"8","13C-VAN-1","4","C8",377.825,"TopSpin"
"9","13C-VAN-1","5","C1",696.328,"TopSpin"
"10","13C-VAN-1","5","C2",682.758,"TopSpin"
"11","13C-VAN-1","5","C3",681.548,"TopSpin"
"12","13C-VAN-1","5","C4",679.122,"TopSpin"
"13","13C-VAN-1","5","C5",688.747,"TopSpin"
"14","13C-VAN-1","5","C6",686.378,"TopSpin"
"15","13C-VAN-1","5","C7",689.906,"TopSpin"
"16","13C-VAN-1","5","C8",685.504,"TopSpin"
"17","13C-VAN-1","6","C1",698.551,"TopSpin"
"18","13C-VAN-1","6","C2",683.79,"TopSpin"
"19","13C-VAN-1","6","C3",680.726,"TopSpin"
"20","13C-VAN-1","6","C4",679.071,"TopSpin"
"21","13C-VAN-1","6","C5",690.728,"TopSpin"
"22","13C-VAN-1","6","C6",687.742,"TopSpin"
"23","13C-VAN-1","6","C7",691.845,"TopSpin"
"24","13C-VAN-1","6","C8",686.389,"TopSpin"
"25","13C-VAN-1","7","C1",697.894,"TopSpin"
"26","13C-VAN-1","7","C2",683.695,"TopSpin"
"27","13C-VAN-1","7","C3",683.024,"TopSpin"
"28","13C-VAN-1","7","C4",678.6,"TopSpin"
"29","13C-VAN-1","7","C5",690.837,"TopSpin"
"30","13C-VAN-1","7","C6",686.637,"TopSpin"
"31","13C-VAN-1","7","C7",689.8,"TopSpin"
"32","13C-VAN-1","7","C8",685.284,"TopSpin"
"33","13C-VAN-1","8","C1",697.956,"TopSpin"
"34","13C-VAN-1","8","C2",683.796,"TopSpin"
"35","13C-VAN-1","8","C3",683.62,"TopSpin"
"36","13C-VAN-1","8","C4",679.773,"TopSpin"
"37","13C-VAN-1","8","C5",688.742,"TopSpin"
"38","13C-VAN-1","8","C6",687.762,"TopSpin"
"39","13C-VAN-1","8","C7",689.908,"TopSpin"
"40","13C-VAN-1","8","C8",686.19,"TopSpin"
"41","13C-VAN-1","9","C1",697.095,"TopSpin"
"42","13C-VAN-1","9","C2",681.877,"TopSpin"
"43","13C-VAN-1","9","C3",682.526,"TopSpin"
"44","13C-VAN-1","9","C4",678.359,"TopSpin"
"45","13C-VAN-1","9","C5",688.054,"TopSpin"
"46","13C-VAN-1","9","C6",685.312,"TopSpin"
"47","13C-VAN-1","9","C7",689.941,"TopSpin"
"48","13C-VAN-1","9","C8",685.042,"TopSpin"
"49","13C-VAN-4","4","C1",647.093,"TopSpin"
"50","13C-VAN-4","4","C2",636.43,"TopSpin"
"51","13C-VAN-4","4","C3",634.923,"TopSpin"
"52","13C-VAN-4","4","C4",633.04,"TopSpin"
"53","13C-VAN-4","4","C5",638.373,"TopSpin"
"54","13C-VAN-4","4","C6",639.177,"TopSpin"
"55","13C-VAN-4","4","C7",639.22,"TopSpin"
"56","13C-VAN-4","4","C8",626.491,"TopSpin"
"57","13C-VAN-4","5","C1",649.143,"TopSpin"
"58","13C-VAN-4","5","C2",635.612,"TopSpin"
"59","13C-VAN-4","5","C3",635.204,"TopSpin"
"60","13C-VAN-4","5","C4",632.822,"TopSpin"
"61","13C-VAN-4","5","C5",637.451,"TopSpin"
"62","13C-VAN-4","5","C6",637.946,"TopSpin"
"63","13C-VAN-4","5","C7",639.242,"TopSpin"
"64","13C-VAN-4","5","C8",625.183,"TopSpin"
"65","13C-VAN-4","6","C1",648.999,"TopSpin"
"66","13C-VAN-4","6","C2",637.067,"TopSpin"
"67","13C-VAN-4","6","C3",635.095,"TopSpin"
"68","13C-VAN-4","6","C4",633.389,"TopSpin"
"69","13C-VAN-4","6","C5",638.057,"TopSpin"
"70","13C-VAN-4","6","C6",638.347,"TopSpin"
"71","13C-VAN-4","6","C7",639.533,"TopSpin"
"72","13C-VAN-4","6","C8",625.965,"TopSpin"
"73","13C-VAN-4","7","C1",648.12,"TopSpin"
"74","13C-VAN-4","7","C2",636.117,"TopSpin"
"75","13C-VAN-4","7","C3",635.808,"TopSpin"
"76","13C-VAN-4","7","C4",633.109,"TopSpin"
"77","13C-VAN-4","7","C5",636.052,"TopSpin"
"78","13C-VAN-4","7","C6",638.655,"TopSpin"
"79","13C-VAN-4","7","C7",640.063,"TopSpin"
"80","13C-VAN-4","7","C8",626.264,"TopSpin"
"81","13C-VAN-4","8","C1",649.18,"TopSpin"
"82","13C-VAN-4","8","C2",635.446,"TopSpin"
"83","13C-VAN-4","8","C3",634.449,"TopSpin"
"84","13C-VAN-4","8","C4",632.774,"TopSpin"
"85","13C-VAN-4","8","C5",638.132,"TopSpin"
"86","13C-VAN-4","8","C6",637.493,"TopSpin"
"87","13C-VAN-4","8","C7",638.139,"TopSpin"
"88","13C-VAN-4","8","C8",626.049,"TopSpin"
"89","13C-VAN-4","9","C1",649.019,"TopSpin"
"90","13C-VAN-4","9","C2",636.679,"TopSpin"
"91","13C-VAN-4","9","C3",634.832,"TopSpin"
"92","13C-VAN-4","9","C4",632.476,"TopSpin"
"93","13C-VAN-4","9","C5",637.378,"TopSpin"
"94","13C-VAN-4","9","C6",637.163,"TopSpin"
"95","13C-VAN-4","9","C7",638.341,"TopSpin"
"96","13C-VAN-4","9","C8",625.596,"TopSpin"
"97","13C-VAN-8","4","C1",691.69,"TopSpin"
"98","13C-VAN-8","4","C2",678.329,"TopSpin"
"99","13C-VAN-8","4","C3",677.268,"TopSpin"
"100","13C-VAN-8","4","C4",675.422,"TopSpin"
"101","13C-VAN-8","4","C5",687.488,"TopSpin"
"102","13C-VAN-8","4","C6",683.822,"TopSpin"
"103","13C-VAN-8","4","C7",687.053,"TopSpin"
"104","13C-VAN-8","4","C8",689.027,"TopSpin"
"105","13C-VAN-8","5","C1",691.999,"TopSpin"
"106","13C-VAN-8","5","C2",680.3,"TopSpin"
"107","13C-VAN-8","5","C3",675.932,"TopSpin"
"108","13C-VAN-8","5","C4",674.988,"TopSpin"
"109","13C-VAN-8","5","C5",685.815,"TopSpin"
"110","13C-VAN-8","5","C6",682.907,"TopSpin"
"111","13C-VAN-8","5","C7",685.616,"TopSpin"
"112","13C-VAN-8","5","C8",686.549,"TopSpin"
"113","13C-VAN-8","6","C1",693.301,"TopSpin"
"114","13C-VAN-8","6","C2",679.334,"TopSpin"
"115","13C-VAN-8","6","C3",676.578,"TopSpin"
"116","13C-VAN-8","6","C4",674.472,"TopSpin"
"117","13C-VAN-8","6","C5",687.556,"TopSpin"
"118","13C-VAN-8","6","C6",683.204,"TopSpin"
"119","13C-VAN-8","6","C7",687.877,"TopSpin"
"120","13C-VAN-8","6","C8",688.767,"TopSpin"
"121","13C-VAN-8","7","C1",692.8,"TopSpin"
"122","13C-VAN-8","7","C2",680.166,"TopSpin"
"123","13C-VAN-8","7","C3",676.78,"TopSpin"
"124","13C-VAN-8","7","C4",675.257,"TopSpin"
"125","13C-VAN-8","7","C5",687.576,"TopSpin"
"126","13C-VAN-8","7","C6",684.243,"TopSpin"
"127","13C-VAN-8","7","C7",687.578,"TopSpin"
"128","13C-VAN-8","7","C8",689.293,"TopSpin"
"129","13C-VAN-8","8","C1",691.827,"TopSpin"
"130","13C-VAN-8","8","C2",692.32,"TopSpin"
"131","13C-VAN-8","8","C3",690.942,"TopSpin"
"132","13C-VAN-8","8","C4",699.007,"TopSpin"
"133","13C-VAN-8","8","C5",716.699,"TopSpin"
"134","13C-VAN-8","8","C6",717.631,"TopSpin"
"135","13C-VAN-8","8","C7",723.843,"TopSpin"
"136","13C-VAN-8","8","C8",788.773,"TopSpin"
"137","13C-VAN-8","9","C1",691.435,"TopSpin"
"138","13C-VAN-8","9","C2",680.731,"TopSpin"
"139","13C-VAN-8","9","C3",676.791,"TopSpin"
"140","13C-VAN-8","9","C4",675.321,"TopSpin"
"141","13C-VAN-8","9","C5",687.586,"TopSpin"
"142","13C-VAN-8","9","C6",683.119,"TopSpin"
"143","13C-VAN-8","9","C7",686.768,"TopSpin"
"144","13C-VAN-8","9","C8",687.72,"TopSpin"
"145","13C-VANA-1","4","C1",649.482,"TopSpin"
"146","13C-VANA-1","4","C2",636.527,"TopSpin"
"147","13C-VANA-1","4","C3",636.865,"TopSpin"
"148","13C-VANA-1","4","C4",632.673,"TopSpin"
"149","13C-VANA-1","4","C5",637.47,"TopSpin"
"150","13C-VANA-1","4","C6",638.892,"TopSpin"
"151","13C-VANA-1","4","C7",639.498,"TopSpin"
"152","13C-VANA-1","4","C8",632.376,"TopSpin"
"153","13C-VANA-1","5","C1",648.208,"TopSpin"
"154","13C-VANA-1","5","C2",634.858,"TopSpin"
"155","13C-VANA-1","5","C3",635.684,"TopSpin"
"156","13C-VANA-1","5","C4",631.386,"TopSpin"
"157","13C-VANA-1","5","C5",638.738,"TopSpin"
"158","13C-VANA-1","5","C6",638.866,"TopSpin"
"159","13C-VANA-1","5","C7",638.06,"TopSpin"
"160","13C-VANA-1","5","C8",631.405,"TopSpin"
"161","13C-VANA-1","6","C1",647.928,"TopSpin"
"162","13C-VANA-1","6","C2",635.877,"TopSpin"
"163","13C-VANA-1","6","C3",635.143,"TopSpin"
"164","13C-VANA-1","6","C4",631.668,"TopSpin"
"165","13C-VANA-1","6","C5",636.757,"TopSpin"
"166","13C-VANA-1","6","C6",639.004,"TopSpin"
"167","13C-VANA-1","6","C7",638.783,"TopSpin"
"168","13C-VANA-1","6","C8",631.176,"TopSpin"
"169","13C-VANA-1","7","C1",648.656,"TopSpin"
"170","13C-VANA-1","7","C2",635.999,"TopSpin"
"171","13C-VANA-1","7","C3",634.902,"TopSpin"
"172","13C-VANA-1","7","C4",631.175,"TopSpin"
"173","13C-VANA-1","7","C5",638.695,"TopSpin"
"174","13C-VANA-1","7","C6",638.665,"TopSpin"
"175","13C-VANA-1","7","C7",637.944,"TopSpin"
"176","13C-VANA-1","7","C8",631.368,"TopSpin"
"177","13C-VANA-1","8","C1",647.712,"TopSpin"
"178","13C-VANA-1","8","C2",634.059,"TopSpin"
"179","13C-VANA-1","8","C3",632.644,"TopSpin"
"180","13C-VANA-1","8","C4",631.541,"TopSpin"
"181","13C-VANA-1","8","C5",636.609,"TopSpin"
"182","13C-VANA-1","8","C6",637.189,"TopSpin"
"183","13C-VANA-1","8","C7",637.48,"TopSpin"
"184","13C-VANA-1","8","C8",629.965,"TopSpin"
"185","13C-VANA-1","9","C1",649.64,"TopSpin"
"186","13C-VANA-1","9","C2",634.626,"TopSpin"
"187","13C-VANA-1","9","C3",634.188,"TopSpin"
"188","13C-VANA-1","9","C4",631.781,"TopSpin"
"189","13C-VANA-1","9","C5",637.263,"TopSpin"
"190","13C-VANA-1","9","C6",639.172,"TopSpin"
"191","13C-VANA-1","9","C7",637.939,"TopSpin"
"192","13C-VANA-1","9","C8",630.864,"TopSpin"
"193","13C-VANB-1","4","C1",655.049,"TopSpin"
"194","13C-VANB-1","4","C2",643.275,"TopSpin"
"195","13C-VANB-1","4","C3",641.829,"TopSpin"
"196","13C-VANB-1","4","C4",640.061,"TopSpin"
"197","13C-VANB-1","4","C5",648.431,"TopSpin"
"198","13C-VANB-1","4","C6",646.599,"TopSpin"
"199","13C-VANB-1","4","C7",648.178,"TopSpin"
"200","13C-VANB-1","4","C8",651.788,"TopSpin"
"201","13C-VANB-1","5","C1",654.631,"TopSpin"
"202","13C-VANB-1","5","C2",641.415,"TopSpin"
"203","13C-VANB-1","5","C3",639.841,"TopSpin"
"204","13C-VANB-1","5","C4",638.631,"TopSpin"
"205","13C-VANB-1","5","C5",647.762,"TopSpin"
"206","13C-VANB-1","5","C6",646.172,"TopSpin"
"207","13C-VANB-1","5","C7",647.016,"TopSpin"
"208","13C-VANB-1","5","C8",652.891,"TopSpin"
"209","13C-VANB-1","6","C1",651.908,"TopSpin"
"210","13C-VANB-1","6","C2",639.198,"TopSpin"
"211","13C-VANB-1","6","C3",638.489,"TopSpin"
"212","13C-VANB-1","6","C4",637.529,"TopSpin"
"213","13C-VANB-1","6","C5",646.748,"TopSpin"
"214","13C-VANB-1","6","C6",644.55,"TopSpin"
"215","13C-VANB-1","6","C7",644.217,"TopSpin"
"216","13C-VANB-1","6","C8",649.817,"TopSpin"
"217","13C-VANB-1","7","C1",652.191,"TopSpin"
"218","13C-VANB-1","7","C2",640.048,"TopSpin"
"219","13C-VANB-1","7","C3",637.761,"TopSpin"
"220","13C-VANB-1","7","C4",637.278,"TopSpin"
"221","13C-VANB-1","7","C5",644.707,"TopSpin"
"222","13C-VANB-1","7","C6",643.033,"TopSpin"
"223","13C-VANB-1","7","C7",643.036,"TopSpin"
"224","13C-VANB-1","7","C8",648.798,"TopSpin"
"225","13C-VANB-1","8","C1",651.598,"TopSpin"
"226","13C-VANB-1","8","C2",639.368,"TopSpin"
"227","13C-VANB-1","8","C3",636.287,"TopSpin"
"228","13C-VANB-1","8","C4",635.506,"TopSpin"
"229","13C-VANB-1","8","C5",643.305,"TopSpin"
"230","13C-VANB-1","8","C6",640.784,"TopSpin"
"231","13C-VANB-1","8","C7",642.15,"TopSpin"
"232","13C-VANB-1","8","C8",648.555,"TopSpin"
"233","13C-VANB-1","9","C1",652.541,"TopSpin"
"234","13C-VANB-1","9","C2",639.616,"TopSpin"
"235","13C-VANB-1","9","C3",636.461,"TopSpin"
"236","13C-VANB-1","9","C4",635.044,"TopSpin"
"237","13C-VANB-1","9","C5",644.761,"TopSpin"
"238","13C-VANB-1","9","C6",642.504,"TopSpin"
"239","13C-VANB-1","9","C7",644.624,"TopSpin"
"240","13C-VANB-1","9","C8",649.156,"TopSpin"
"241","13C-VAN-4","4","C1",130169.6,"MestReNova"
"242","13C-VAN-4","4","C2",121935.5,"MestReNova"
"243","13C-VAN-4","4","C3",121842.57,"MestReNova"
"244","13C-VAN-4","4","C4",121001.88,"MestReNova"
"245","13C-VAN-4","4","C5",113852.73,"MestReNova"
"246","13C-VAN-4","4","C6",133449.04,"MestReNova"
"247","13C-VAN-4","4","C7",125753.3,"MestReNova"
"248","13C-VAN-4","4","C8",119876.89,"MestReNova"
"249","13C-VAN-4","5","C1",124948.18,"MestReNova"
"250","13C-VAN-4","5","C2",121993.3,"MestReNova"
"251","13C-VAN-4","5","C3",122074.53,"MestReNova"
"252","13C-VAN-4","5","C4",120558.54,"MestReNova"
"253","13C-VAN-4","5","C5",122524.48,"MestReNova"
"254","13C-VAN-4","5","C6",122471.12,"MestReNova"
"255","13C-VAN-4","5","C7",123526.67,"MestReNova"
"256","13C-VAN-4","5","C8",119687.4,"MestReNova"
"257","13C-VAN-4","6","C1",124755.7,"MestReNova"
"258","13C-VAN-4","6","C2",122300.7,"MestReNova"
"259","13C-VAN-4","6","C3",122023.95,"MestReNova"
"260","13C-VAN-4","6","C4",121455.53,"MestReNova"
"261","13C-VAN-4","6","C5",122228.85,"MestReNova"
"262","13C-VAN-4","6","C6",122525.99,"MestReNova"
"263","13C-VAN-4","6","C7",122353.25,"MestReNova"
"264","13C-VAN-4","6","C8",119805.1,"MestReNova"
"265","13C-VAN-4","7","C1",124894.69,"MestReNova"
"266","13C-VAN-4","7","C2",122224.15,"MestReNova"
"267","13C-VAN-4","7","C3",122368.06,"MestReNova"
"268","13C-VAN-4","7","C4",121373.36,"MestReNova"
"269","13C-VAN-4","7","C5",123974.83,"MestReNova"
"270","13C-VAN-4","7","C6",122737.62,"MestReNova"
"271","13C-VAN-4","7","C7",123945.05,"MestReNova"
"272","13C-VAN-4","7","C8",120144.25,"MestReNova"
"273","13C-VAN-4","8","C1",125349.39,"MestReNova"
"274","13C-VAN-4","8","C2",122838.13,"MestReNova"
"275","13C-VAN-4","8","C3",122523.63,"MestReNova"
"276","13C-VAN-4","8","C4",121642.29,"MestReNova"
"277","13C-VAN-4","8","C5",122772.82,"MestReNova"
"278","13C-VAN-4","8","C6",122786.45,"MestReNova"
"279","13C-VAN-4","8","C7",123817.68,"MestReNova"
"280","13C-VAN-4","8","C8",120226.16,"MestReNova"
"281","13C-VAN-4","9","C1",125490.83,"MestReNova"
"282","13C-VAN-4","9","C2",122676.89,"MestReNova"
"283","13C-VAN-4","9","C3",122483.26,"MestReNova"
"284","13C-VAN-4","9","C4",121521.71,"MestReNova"
"285","13C-VAN-4","9","C5",122492.54,"MestReNova"
"286","13C-VAN-4","9","C6",122766.42,"MestReNova"
"287","13C-VAN-4","9","C7",122629.25,"MestReNova"
"288","13C-VAN-4","9","C8",120400.96,"MestReNova"
"289","13C-VAN-8","4","C1",125058.34,"MestReNova"
"290","13C-VAN-8","4","C2",122429.12,"MestReNova"
"291","13C-VAN-8","4","C3",122521.74,"MestReNova"
"292","13C-VAN-8","4","C4",119138.35,"MestReNova"
"293","13C-VAN-8","4","C5",123542.75,"MestReNova"
"294","13C-VAN-8","4","C6",123318.8,"MestReNova"
"295","13C-VAN-8","4","C7",121242.46,"MestReNova"
"296","13C-VAN-8","4","C8",123968.37,"MestReNova"
"297","13C-VAN-8","5","C1",125557.55,"MestReNova"
"298","13C-VAN-8","5","C2",123098.15,"MestReNova"
"299","13C-VAN-8","5","C3",122881.14,"MestReNova"
"300","13C-VAN-8","5","C4",114303.86,"MestReNova"
"301","13C-VAN-8","5","C5",123214.36,"MestReNova"
"302","13C-VAN-8","5","C6",123381.76,"MestReNova"
"303","13C-VAN-8","5","C7",121743.09,"MestReNova"
"304","13C-VAN-8","5","C8",123745.88,"MestReNova"
"305","13C-VAN-8","6","C1",126515.44,"MestReNova"
"306","13C-VAN-8","6","C2",122874.23,"MestReNova"
"307","13C-VAN-8","6","C3",122674.77,"MestReNova"
"308","13C-VAN-8","6","C4",114507.27,"MestReNova"
"309","13C-VAN-8","6","C5",123119.72,"MestReNova"
"310","13C-VAN-8","6","C6",123388.13,"MestReNova"
"311","13C-VAN-8","6","C7",121528.87,"MestReNova"
"312","13C-VAN-8","6","C8",124125,"MestReNova"
"313","13C-VAN-8","7","C1",126766.71,"MestReNova"
"314","13C-VAN-8","7","C2",123181.5,"MestReNova"
"315","13C-VAN-8","7","C3",124543.84,"MestReNova"
"316","13C-VAN-8","7","C4",114493.24,"MestReNova"
"317","13C-VAN-8","7","C5",123664.16,"MestReNova"
"318","13C-VAN-8","7","C6",123842.39,"MestReNova"
"319","13C-VAN-8","7","C7",122486.6,"MestReNova"
"320","13C-VAN-8","7","C8",124186.53,"MestReNova"
"321","13C-VAN-8","8","C1",127785.25,"MestReNova"
"322","13C-VAN-8","8","C2",123067.18,"MestReNova"
"323","13C-VAN-8","8","C3",123416.03,"MestReNova"
"324","13C-VAN-8","8","C4",114895.75,"MestReNova"
"325","13C-VAN-8","8","C5",123860.51,"MestReNova"
"326","13C-VAN-8","8","C6",128534.21,"MestReNova"
"327","13C-VAN-8","8","C7",122155.52,"MestReNova"
"328","13C-VAN-8","8","C8",124561.17,"MestReNova"
"329","13C-VAN-8","9","C1",125613.84,"MestReNova"
"330","13C-VAN-8","9","C2",123500.26,"MestReNova"
"331","13C-VAN-8","9","C3",123252.47,"MestReNova"
"332","13C-VAN-8","9","C4",122282.13,"MestReNova"
"333","13C-VAN-8","9","C5",121076.4,"MestReNova"
"334","13C-VAN-8","9","C6",123775.92,"MestReNova"
"335","13C-VAN-8","9","C7",121970.51,"MestReNova"
"336","13C-VAN-8","9","C8",124261.15,"MestReNova"
"337","13C-VANA-1","4","C1",124597.48,"MestReNova"
"338","13C-VANA-1","4","C2",122056.89,"MestReNova"
"339","13C-VANA-1","4","C3",122312.95,"MestReNova"
"340","13C-VANA-1","4","C4",121035.05,"MestReNova"
"341","13C-VANA-1","4","C5",132139.74,"MestReNova"
"342","13C-VANA-1","4","C6",122526.45,"MestReNova"
"343","13C-VANA-1","4","C7",126558.74,"MestReNova"
"344","13C-VANA-1","4","C8",120977.26,"MestReNova"
"345","13C-VANA-1","5","C1",124690.39,"MestReNova"
"346","13C-VANA-1","5","C2",121871.14,"MestReNova"
"347","13C-VANA-1","5","C3",122318.23,"MestReNova"
"348","13C-VANA-1","5","C4",120947.43,"MestReNova"
"349","13C-VANA-1","5","C5",128561.99,"MestReNova"
"350","13C-VANA-1","5","C6",122655.59,"MestReNova"
"351","13C-VANA-1","5","C7",126493.51,"MestReNova"
"352","13C-VANA-1","5","C8",120950.76,"MestReNova"
"353","13C-VANA-1","6","C1",124861.7,"MestReNova"
"354","13C-VANA-1","6","C2",122717.62,"MestReNova"
"355","13C-VANA-1","6","C3",122273.44,"MestReNova"
"356","13C-VANA-1","6","C4",120954.43,"MestReNova"
"357","13C-VANA-1","6","C5",123344.18,"MestReNova"
"358","13C-VANA-1","6","C6",122628.64,"MestReNova"
"359","13C-VANA-1","6","C7",127162.8,"MestReNova"
"360","13C-VANA-1","6","C8",120937.05,"MestReNova"
"361","13C-VANA-1","7","C1",125056.7,"MestReNova"
"362","13C-VANA-1","7","C2",122274.92,"MestReNova"
"363","13C-VANA-1","7","C3",122299.06,"MestReNova"
"364","13C-VANA-1","7","C4",120992.3,"MestReNova"
"365","13C-VANA-1","7","C5",115219.33,"MestReNova"
"366","13C-VANA-1","7","C6",125140.26,"MestReNova"
"367","13C-VANA-1","7","C7",126476.15,"MestReNova"
"368","13C-VANA-1","7","C8",120998.88,"MestReNova"
"369","13C-VANA-1","8","C1",125054.1,"MestReNova"
"370","13C-VANA-1","8","C2",123292.86,"MestReNova"
"371","13C-VANA-1","8","C3",122226.54,"MestReNova"
"372","13C-VANA-1","8","C4",121300.42,"MestReNova"
"373","13C-VANA-1","8","C5",115429.06,"MestReNova"
"374","13C-VANA-1","8","C6",122755.35,"MestReNova"
"375","13C-VANA-1","8","C7",122501.42,"MestReNova"
"376","13C-VANA-1","8","C8",121040.03,"MestReNova"
"377","13C-VANA-1","9","C1",125476.14,"MestReNova"
"378","13C-VANA-1","9","C2",122199.22,"MestReNova"
"379","13C-VANA-1","9","C3",122318.36,"MestReNova"
"380","13C-VANA-1","9","C4",121568.9,"MestReNova"
"381","13C-VANA-1","9","C5",122454.24,"MestReNova"
"382","13C-VANA-1","9","C6",123095.62,"MestReNova"
"383","13C-VANA-1","9","C7",122476.89,"MestReNova"
"384","13C-VANA-1","9","C8",121175,"MestReNova"
"385","13C-VANB-1","4","C1",124846.65,"MestReNova"
"386","13C-VANB-1","4","C2",116082.21,"MestReNova"
"387","13C-VANB-1","4","C3",122362.72,"MestReNova"
"388","13C-VANB-1","4","C4",121531.06,"MestReNova"
"389","13C-VANB-1","4","C5",123216.84,"MestReNova"
"390","13C-VANB-1","4","C6",123164.47,"MestReNova"
"391","13C-VANB-1","4","C7",123411.49,"MestReNova"
"392","13C-VANB-1","4","C8",123639.51,"MestReNova"
"393","13C-VANB-1","5","C1",125159.71,"MestReNova"
"394","13C-VANB-1","5","C2",116110.18,"MestReNova"
"395","13C-VANB-1","5","C3",124853.19,"MestReNova"
"396","13C-VANB-1","5","C4",121829.97,"MestReNova"
"397","13C-VANB-1","5","C5",123290,"MestReNova"
"398","13C-VANB-1","5","C6",123235.04,"MestReNova"
"399","13C-VANB-1","5","C7",123173.28,"MestReNova"
"400","13C-VANB-1","5","C8",124229.98,"MestReNova"
"401","13C-VANB-1","6","C1",125124.11,"MestReNova"
"402","13C-VANB-1","6","C2",116823.4,"MestReNova"
"403","13C-VANB-1","6","C3",122387.87,"MestReNova"
"404","13C-VANB-1","6","C4",121655.18,"MestReNova"
"405","13C-VANB-1","6","C5",123601.47,"MestReNova"
"406","13C-VANB-1","6","C6",123384.15,"MestReNova"
"407","13C-VANB-1","6","C7",122933.2,"MestReNova"
"408","13C-VANB-1","6","C8",124059.23,"MestReNova"
"409","13C-VANB-1","7","C1",125468.71,"MestReNova"
"410","13C-VANB-1","7","C2",116592.3,"MestReNova"
"411","13C-VANB-1","7","C3",122561.89,"MestReNova"
"412","13C-VANB-1","7","C4",122003.94,"MestReNova"
"413","13C-VANB-1","7","C5",123345.51,"MestReNova"
"414","13C-VANB-1","7","C6",123397.51,"MestReNova"
"415","13C-VANB-1","7","C7",123035.83,"MestReNova"
"416","13C-VANB-1","7","C8",124246.64,"MestReNova"
"417","13C-VANB-1","8","C1",125517.07,"MestReNova"
"418","13C-VANB-1","8","C2",122802.15,"MestReNova"
"419","13C-VANB-1","8","C3",122373.97,"MestReNova"
"420","13C-VANB-1","8","C4",121679.94,"MestReNova"
"421","13C-VANB-1","8","C5",123383.06,"MestReNova"
"422","13C-VANB-1","8","C6",123131.67,"MestReNova"
"423","13C-VANB-1","8","C7",122911.37,"MestReNova"
"424","13C-VANB-1","8","C8",124291.98,"MestReNova"
"425","13C-VANB-1","9","C1",125514.75,"MestReNova"
"426","13C-VANB-1","9","C2",122692.83,"MestReNova"
"427","13C-VANB-1","9","C3",122308.81,"MestReNova"
"428","13C-VANB-1","9","C4",121472.51,"MestReNova"
"429","13C-VANB-1","9","C5",123714.4,"MestReNova"
"430","13C-VANB-1","9","C6",123287.4,"MestReNova"
"431","13C-VANB-1","9","C7",123391.96,"MestReNova"
"432","13C-VANB-1","9","C8",124501.76,"MestReNova"
"433","13C-VAN-1","4","C1",127305.74,"MestReNova"
"434","13C-VAN-1","4","C2",122090.4,"MestReNova"
"435","13C-VAN-1","4","C3",122605.35,"MestReNova"
"436","13C-VAN-1","4","C4",120758.63,"MestReNova"
"437","13C-VAN-1","4","C5",122131.64,"MestReNova"
"438","13C-VAN-1","4","C6",122382.12,"MestReNova"
"439","13C-VAN-1","4","C7",121596.58,"MestReNova"
"440","13C-VAN-1","4","C8",121832.34,"MestReNova"
"441","13C-VAN-1","5","C1",124978.19,"MestReNova"
"442","13C-VAN-1","5","C2",122035.58,"MestReNova"
"443","13C-VAN-1","5","C3",122279.91,"MestReNova"
"444","13C-VAN-1","5","C4",131144.87,"MestReNova"
"445","13C-VAN-1","5","C5",120107.89,"MestReNova"
"446","13C-VAN-1","5","C6",122672.25,"MestReNova"
"447","13C-VAN-1","5","C7",106039.59,"MestReNova"
"448","13C-VAN-1","5","C8",122263.25,"MestReNova"
"449","13C-VAN-1","6","C1",125206.27,"MestReNova"
"450","13C-VAN-1","6","C2",123914.48,"MestReNova"
"451","13C-VAN-1","6","C3",121888.89,"MestReNova"
"452","13C-VAN-1","6","C4",121359.75,"MestReNova"
"453","13C-VAN-1","6","C5",120644.39,"MestReNova"
"454","13C-VAN-1","6","C6",122698.18,"MestReNova"
"455","13C-VAN-1","6","C7",122251.2,"MestReNova"
"456","13C-VAN-1","6","C8",122184.09,"MestReNova"
"457","13C-VAN-1","7","C1",121885.22,"MestReNova"
"458","13C-VAN-1","7","C2",122261.59,"MestReNova"
"459","13C-VAN-1","7","C3",122640.54,"MestReNova"
"460","13C-VAN-1","7","C4",120966.88,"MestReNova"
"461","13C-VAN-1","7","C5",124119.04,"MestReNova"
"462","13C-VAN-1","7","C6",122654.89,"MestReNova"
"463","13C-VAN-1","7","C7",107011.98,"MestReNova"
"464","13C-VAN-1","7","C8",122172.7,"MestReNova"
"465","13C-VAN-1","8","C1",125156.11,"MestReNova"
"466","13C-VAN-1","8","C2",122291.08,"MestReNova"
"467","13C-VAN-1","8","C3",122907.71,"MestReNova"
"468","13C-VAN-1","8","C4",121347.35,"MestReNova"
"469","13C-VAN-1","8","C5",122271.94,"MestReNova"
"470","13C-VAN-1","8","C6",122939.9,"MestReNova"
"471","13C-VAN-1","8","C7",106471.36,"MestReNova"
"472","13C-VAN-1","8","C8",122323.11,"MestReNova"
"473","13C-VAN-1","9","C1",125487.52,"MestReNova"
"474","13C-VAN-1","9","C2",122163.56,"MestReNova"
"475","13C-VAN-1","9","C3",123234.08,"MestReNova"
"476","13C-VAN-1","9","C4",121239.85,"MestReNova"
"477","13C-VAN-1","9","C5",123174.5,"MestReNova"
"478","13C-VAN-1","9","C6",130384.53,"MestReNova"
"479","13C-VAN-1","9","C7",120292.04,"MestReNova"
"480","13C-VAN-1","9","C8",122327.15,"MestReNova"
"481","13C-VAN-1","4","C1",443372.69,"NMRium"
"482","13C-VAN-1","4","C2",432800.4,"NMRium"
"483","13C-VAN-1","4","C3",436166.81,"NMRium"
"484","13C-VAN-1","4","C4",437330.62,"NMRium"
"485","13C-VAN-1","4","C5",437155.33,"NMRium"
"486","13C-VAN-1","4","C6",437570.59,"NMRium"
"487","13C-VAN-1","4","C7",432924.05,"NMRium"
"488","13C-VAN-1","4","C8",429289.25,"NMRium"
"489","13C-VAN-1","5","C1",442553.29,"NMRium"
"490","13C-VAN-1","5","C2",438600.58,"NMRium"
"491","13C-VAN-1","5","C3",433446.34,"NMRium"
"492","13C-VAN-1","5","C4",436851.69,"NMRium"
"493","13C-VAN-1","5","C5",434309.28,"NMRium"
"494","13C-VAN-1","5","C6",433607.82,"NMRium"
"495","13C-VAN-1","5","C7",436046.42,"NMRium"
"496","13C-VAN-1","5","C8",430782.98,"NMRium"
"497","13C-VAN-1","6","C1",446054.97,"NMRium"
"498","13C-VAN-1","6","C2",437688.49,"NMRium"
"499","13C-VAN-1","6","C3",431338.62,"NMRium"
"500","13C-VAN-1","6","C4",435357.05,"NMRium"
"501","13C-VAN-1","6","C5",439919.08,"NMRium"
"502","13C-VAN-1","6","C6",442796.43,"NMRium"
"503","13C-VAN-1","6","C7",434706.93,"NMRium"
"504","13C-VAN-1","6","C8",430853.65,"NMRium"
"505","13C-VAN-1","7","C1",442569.43,"NMRium"
"506","13C-VAN-1","7","C2",438843.37,"NMRium"
"507","13C-VAN-1","7","C3",438451.83,"NMRium"
"508","13C-VAN-1","7","C4",440630.91,"NMRium"
"509","13C-VAN-1","7","C5",435039.67,"NMRium"
"510","13C-VAN-1","7","C6",444245.05,"NMRium"
"511","13C-VAN-1","7","C7",436714,"NMRium"
"512","13C-VAN-1","7","C8",418391.99,"NMRium"
"513","13C-VAN-1","8","C1",442051.34,"NMRium"
"514","13C-VAN-1","8","C2",440551.35,"NMRium"
"515","13C-VAN-1","8","C3",432880.43,"NMRium"
"516","13C-VAN-1","8","C4",429182.64,"NMRium"
"517","13C-VAN-1","8","C5",437689.26,"NMRium"
"518","13C-VAN-1","8","C6",438730.65,"NMRium"
"519","13C-VAN-1","8","C7",438094.63,"NMRium"
"520","13C-VAN-1","8","C8",429688.91,"NMRium"
"521","13C-VAN-1","9","C1",442312.49,"NMRium"
"522","13C-VAN-1","9","C2",432531.95,"NMRium"
"523","13C-VAN-1","9","C3",437144.42,"NMRium"
"524","13C-VAN-1","9","C4",438297.54,"NMRium"
"525","13C-VAN-1","9","C5",435591.3,"NMRium"
"526","13C-VAN-1","9","C6",437423.06,"NMRium"
"527","13C-VAN-1","9","C7",437627.11,"NMRium"
"528","13C-VAN-1","9","C8",430670.54,"NMRium"
"529","13C-VAN-4","4","C1",443987.33,"NMRium"
"530","13C-VAN-4","4","C2",440551.57,"NMRium"
"531","13C-VAN-4","4","C3",441050.85,"NMRium"
"532","13C-VAN-4","4","C4",443546.96,"NMRium"
"533","13C-VAN-4","4","C5",441040.64,"NMRium"
"534","13C-VAN-4","4","C6",443175.17,"NMRium"
"535","13C-VAN-4","4","C7",440147.32,"NMRium"
"536","13C-VAN-4","4","C8",424131.6,"NMRium"
"537","13C-VAN-4","5","C1",447601.27,"NMRium"
"538","13C-VAN-4","5","C2",441150.29,"NMRium"
"539","13C-VAN-4","5","C3",443696.79,"NMRium"
"540","13C-VAN-4","5","C4",445374.57,"NMRium"
"541","13C-VAN-4","5","C5",437535.71,"NMRium"
"542","13C-VAN-4","5","C6",440611.55,"NMRium"
"543","13C-VAN-4","5","C7",442956.42,"NMRium"
"544","13C-VAN-4","5","C8",424630.66,"NMRium"
"545","13C-VAN-4","6","C1",445628.48,"NMRium"
"546","13C-VAN-4","6","C2",440576.18,"NMRium"
"547","13C-VAN-4","6","C3",440190.22,"NMRium"
"548","13C-VAN-4","6","C4",445870.49,"NMRium"
"549","13C-VAN-4","6","C5",439928.5,"NMRium"
"550","13C-VAN-4","6","C6",440425.88,"NMRium"
"551","13C-VAN-4","6","C7",436473.21,"NMRium"
"552","13C-VAN-4","6","C8",429356.95,"NMRium"
"553","13C-VAN-4","7","C1",444549.33,"NMRium"
"554","13C-VAN-4","7","C2",443350.29,"NMRium"
"555","13C-VAN-4","7","C3",440603.15,"NMRium"
"556","13C-VAN-4","7","C4",444271.96,"NMRium"
"557","13C-VAN-4","7","C5",439952.65,"NMRium"
"558","13C-VAN-4","7","C6",442475.29,"NMRium"
"559","13C-VAN-4","7","C7",442921.83,"NMRium"
"560","13C-VAN-4","7","C8",427171.64,"NMRium"
"561","13C-VAN-4","8","C1",450023.3,"NMRium"
"562","13C-VAN-4","8","C2",440769.83,"NMRium"
"563","13C-VAN-4","8","C3",439414.44,"NMRium"
"564","13C-VAN-4","8","C4",447079.72,"NMRium"
"565","13C-VAN-4","8","C5",442961.46,"NMRium"
"566","13C-VAN-4","8","C6",443309.82,"NMRium"
"567","13C-VAN-4","8","C7",440467.25,"NMRium"
"568","13C-VAN-4","8","C8",428871.38,"NMRium"
"569","13C-VAN-4","9","C1",452267.45,"NMRium"
"570","13C-VAN-4","9","C2",441494.39,"NMRium"
"571","13C-VAN-4","9","C3",441883.5,"NMRium"
"572","13C-VAN-4","9","C4",446721.75,"NMRium"
"573","13C-VAN-4","9","C5",439521.4,"NMRium"
"574","13C-VAN-4","9","C6",444394.79,"NMRium"
"575","13C-VAN-4","9","C7",443023.8,"NMRium"
"576","13C-VAN-4","9","C8",424403.22,"NMRium"
"577","13C-VAN-8","4","C1",443581.99,"NMRium"
"578","13C-VAN-8","4","C2",437607.84,"NMRium"
"579","13C-VAN-8","4","C3",437606.36,"NMRium"
"580","13C-VAN-8","4","C4",440410.24,"NMRium"
"581","13C-VAN-8","4","C5",440584.28,"NMRium"
"582","13C-VAN-8","4","C6",441352.99,"NMRium"
"583","13C-VAN-8","4","C7",437411.17,"NMRium"
"584","13C-VAN-8","4","C8",439966.88,"NMRium"
"585","13C-VAN-8","5","C1",445456.34,"NMRium"
"586","13C-VAN-8","5","C2",444647.6,"NMRium"
"587","13C-VAN-8","5","C3",440355.11,"NMRium"
"588","13C-VAN-8","5","C4",442915.95,"NMRium"
"589","13C-VAN-8","5","C5",442014.08,"NMRium"
"590","13C-VAN-8","5","C6",442788.3,"NMRium"
"591","13C-VAN-8","5","C7",440236.26,"NMRium"
"592","13C-VAN-8","5","C8",435353.34,"NMRium"
"593","13C-VAN-8","6","C1",447481.54,"NMRium"
"594","13C-VAN-8","6","C2",434386.93,"NMRium"
"595","13C-VAN-8","6","C3",439544.21,"NMRium"
"596","13C-VAN-8","6","C4",439578.23,"NMRium"
"597","13C-VAN-8","6","C5",447514.59,"NMRium"
"598","13C-VAN-8","6","C6",440922.07,"NMRium"
"599","13C-VAN-8","6","C7",440624.76,"NMRium"
"600","13C-VAN-8","6","C8",437439.1,"NMRium"
"601","13C-VAN-8","7","C1",448427.18,"NMRium"
"602","13C-VAN-8","7","C2",439204.14,"NMRium"
"603","13C-VAN-8","7","C3",434797.65,"NMRium"
"604","13C-VAN-8","7","C4",441065.39,"NMRium"
"605","13C-VAN-8","7","C5",441018.38,"NMRium"
"606","13C-VAN-8","7","C6",440216.66,"NMRium"
"607","13C-VAN-8","7","C7",437236.46,"NMRium"
"608","13C-VAN-8","7","C8",439581.39,"NMRium"
"609","13C-VAN-8","8","C1",445817.22,"NMRium"
"610","13C-VAN-8","8","C2",442007.33,"NMRium"
"611","13C-VAN-8","8","C3",439688.95,"NMRium"
"612","13C-VAN-8","8","C4",444645.55,"NMRium"
"613","13C-VAN-8","8","C5",444893.93,"NMRium"
"614","13C-VAN-8","8","C6",443980.79,"NMRium"
"615","13C-VAN-8","8","C7",442582.9,"NMRium"
"616","13C-VAN-8","8","C8",435681.24,"NMRium"
"617","13C-VAN-8","9","C1",445007.55,"NMRium"
"618","13C-VAN-8","9","C2",446414.88,"NMRium"
"619","13C-VAN-8","9","C3",446384.61,"NMRium"
"620","13C-VAN-8","9","C4",443856.06,"NMRium"
"621","13C-VAN-8","9","C5",446980.23,"NMRium"
"622","13C-VAN-8","9","C6",443162.74,"NMRium"
"623","13C-VAN-8","9","C7",443783.14,"NMRium"
"624","13C-VAN-8","9","C8",438572.93,"NMRium"
"625","13C-VANA-1","4","C1",447078.43,"NMRium"
"626","13C-VANA-1","4","C2",443780.48,"NMRium"
"627","13C-VANA-1","4","C3",445820.25,"NMRium"
"628","13C-VANA-1","4","C4",441766.93,"NMRium"
"629","13C-VANA-1","4","C5",444405.25,"NMRium"
"630","13C-VANA-1","4","C6",447355.66,"NMRium"
"631","13C-VANA-1","4","C7",444507.67,"NMRium"
"632","13C-VANA-1","4","C8",425642.57,"NMRium"
"633","13C-VANA-1","5","C1",442700.23,"NMRium"
"634","13C-VANA-1","5","C2",442129.97,"NMRium"
"635","13C-VANA-1","5","C3",438131.21,"NMRium"
"636","13C-VANA-1","5","C4",438754.98,"NMRium"
"637","13C-VANA-1","5","C5",444375.06,"NMRium"
"638","13C-VANA-1","5","C6",440962.96,"NMRium"
"639","13C-VANA-1","5","C7",441415.17,"NMRium"
"640","13C-VANA-1","5","C8",427829.91,"NMRium"
"641","13C-VANA-1","6","C1",450414.36,"NMRium"
"642","13C-VANA-1","6","C2",440291.21,"NMRium"
"643","13C-VANA-1","6","C3",441360.42,"NMRium"
"644","13C-VANA-1","6","C4",441823.35,"NMRium"
"645","13C-VANA-1","6","C5",440926.15,"NMRium"
"646","13C-VANA-1","6","C6",444011.22,"NMRium"
"647","13C-VANA-1","6","C7",443301.58,"NMRium"
"648","13C-VANA-1","6","C8",426639.9,"NMRium"
"649","13C-VANA-1","7","C1",446531.7,"NMRium"
"650","13C-VANA-1","7","C2",439061.69,"NMRium"
"651","13C-VANA-1","7","C3",444282.79,"NMRium"
"652","13C-VANA-1","7","C4",443289.83,"NMRium"
"653","13C-VANA-1","7","C5",442005.99,"NMRium"
"654","13C-VANA-1","7","C6",455146.19,"NMRium"
"655","13C-VANA-1","7","C7",441894.99,"NMRium"
"656","13C-VANA-1","7","C8",427841.47,"NMRium"
"657","13C-VANA-1","8","C1",447560.49,"NMRium"
"658","13C-VANA-1","8","C2",439391.27,"NMRium"
"659","13C-VANA-1","8","C3",438615.01,"NMRium"
"660","13C-VANA-1","8","C4",449820.48,"NMRium"
"661","13C-VANA-1","8","C5",443757.76,"NMRium"
"662","13C-VANA-1","8","C6",440376.33,"NMRium"
"663","13C-VANA-1","8","C7",444481.27,"NMRium"
"664","13C-VANA-1","8","C8",429015.22,"NMRium"
"665","13C-VANA-1","9","C1",447317.16,"NMRium"
"666","13C-VANA-1","9","C2",440051.42,"NMRium"
"667","13C-VANA-1","9","C3",445217.34,"NMRium"
"668","13C-VANA-1","9","C4",442313.27,"NMRium"
"669","13C-VANA-1","9","C5",440928.79,"NMRium"
"670","13C-VANA-1","9","C6",445371.08,"NMRium"
"671","13C-VANA-1","9","C7",444475.98,"NMRium"
"672","13C-VANA-1","9","C8",426308.56,"NMRium"
"673","13C-VANB-1","4","C1",446270.15,"NMRium"
"674","13C-VANB-1","4","C2",441186.85,"NMRium"
"675","13C-VANB-1","4","C3",440797.66,"NMRium"
"676","13C-VANB-1","4","C4",441652.94,"NMRium"
"677","13C-VANB-1","4","C5",446806.67,"NMRium"
"678","13C-VANB-1","4","C6",447144.54,"NMRium"
"679","13C-VANB-1","4","C7",443298.39,"NMRium"
"680","13C-VANB-1","4","C8",441037.13,"NMRium"
"681","13C-VANB-1","5","C1",446217.82,"NMRium"
"682","13C-VANB-1","5","C2",439815.62,"NMRium"
"683","13C-VANB-1","5","C3",438242.11,"NMRium"
"684","13C-VANB-1","5","C4",437981.67,"NMRium"
"685","13C-VANB-1","5","C5",448216.83,"NMRium"
"686","13C-VANB-1","5","C6",444573.87,"NMRium"
"687","13C-VANB-1","5","C7",441746.76,"NMRium"
"688","13C-VANB-1","5","C8",442378.39,"NMRium"
"689","13C-VANB-1","6","C1",446445,"NMRium"
"690","13C-VANB-1","6","C2",438542.66,"NMRium"
"691","13C-VANB-1","6","C3",442819.91,"NMRium"
"692","13C-VANB-1","6","C4",444392.92,"NMRium"
"693","13C-VANB-1","6","C5",444580.28,"NMRium"
"694","13C-VANB-1","6","C6",444514.16,"NMRium"
"695","13C-VANB-1","6","C7",439958.52,"NMRium"
"696","13C-VANB-1","6","C8",439987.43,"NMRium"
"697","13C-VANB-1","7","C1",448180.67,"NMRium"
"698","13C-VANB-1","7","C2",443048.3,"NMRium"
"699","13C-VANB-1","7","C3",440071.79,"NMRium"
"700","13C-VANB-1","7","C4",447703.94,"NMRium"
"701","13C-VANB-1","7","C5",450403.22,"NMRium"
"702","13C-VANB-1","7","C6",443793.93,"NMRium"
"703","13C-VANB-1","7","C7",439613.89,"NMRium"
"704","13C-VANB-1","7","C8",445637.13,"NMRium"
"705","13C-VANB-1","8","C1",448047.86,"NMRium"
"706","13C-VANB-1","8","C2",443531.16,"NMRium"
"707","13C-VANB-1","8","C3",443496.93,"NMRium"
"708","13C-VANB-1","8","C4",444743.74,"NMRium"
"709","13C-VANB-1","8","C5",445468.74,"NMRium"
"710","13C-VANB-1","8","C6",443030.74,"NMRium"
"711","13C-VANB-1","8","C7",442730.12,"NMRium"
"712","13C-VANB-1","8","C8",443904.04,"NMRium"
"713","13C-VANB-1","9","C1",450146.14,"NMRium"
"714","13C-VANB-1","9","C2",444006.6,"NMRium"
"715","13C-VANB-1","9","C3",439497.87,"NMRium"
"716","13C-VANB-1","9","C4",443599.88,"NMRium"
"717","13C-VANB-1","9","C5",445514.1,"NMRium"
"718","13C-VANB-1","9","C6",443797.33,"NMRium"
"719","13C-VANB-1","9","C7",440980.52,"NMRium"
"720","13C-VANB-1","9","C8",441770.97,"NMRium"
"721","13C-VAN-1","4","C1",0.0341565622339073,"rnmrfit"
"722","13C-VAN-1","4","C2",0.0334063903900012,"rnmrfit"
"723","13C-VAN-1","4","C3",0.0334925407818405,"rnmrfit"
"724","13C-VAN-1","4","C4",0.0328509293513215,"rnmrfit"
"725","13C-VAN-1","4","C5",0.0334014067269719,"rnmrfit"
"726","13C-VAN-1","4","C6",0.0334643702798775,"rnmrfit"
"727","13C-VAN-1","4","C7",0.0335915167923964,"rnmrfit"
"728","13C-VAN-1","4","C8",0.0332998914818678,"rnmrfit"
"729","13C-VAN-1","5","C1",0.0340097503907166,"rnmrfit"
"730","13C-VAN-1","5","C2",0.0334332902957416,"rnmrfit"
"731","13C-VAN-1","5","C3",0.033399462415725,"rnmrfit"
"732","13C-VAN-1","5","C4",0.0329298146621909,"rnmrfit"
"733","13C-VAN-1","5","C5",0.0333262880993233,"rnmrfit"
"734","13C-VAN-1","5","C6",0.0334513245548501,"rnmrfit"
"735","13C-VAN-1","5","C7",0.0335276955270113,"rnmrfit"
"736","13C-VAN-1","5","C8",0.0332722844115071,"rnmrfit"
"737","13C-VAN-1","6","C1",0.0339889944355173,"rnmrfit"
"738","13C-VAN-1","6","C2",0.0333277045212174,"rnmrfit"
"739","13C-VAN-1","6","C3",0.0332529122246636,"rnmrfit"
"740","13C-VAN-1","6","C4",0.032861940880804,"rnmrfit"
"741","13C-VAN-1","6","C5",0.0334215255259628,"rnmrfit"
"742","13C-VAN-1","6","C6",0.0334091630103924,"rnmrfit"
"743","13C-VAN-1","6","C7",0.033583507326558,"rnmrfit"
"744","13C-VAN-1","6","C8",0.0333034843032235,"rnmrfit"
"745","13C-VAN-1","7","C1",0.0339596045312471,"rnmrfit"
"746","13C-VAN-1","7","C2",0.0334755257279456,"rnmrfit"
"747","13C-VAN-1","7","C3",0.0334871674474833,"rnmrfit"
"748","13C-VAN-1","7","C4",0.0329736258018664,"rnmrfit"
"749","13C-VAN-1","7","C5",0.033413269710549,"rnmrfit"
"750","13C-VAN-1","7","C6",0.0334995034005092,"rnmrfit"
"751","13C-VAN-1","7","C7",0.03349583396133,"rnmrfit"
"752","13C-VAN-1","7","C8",0.0333281884197607,"rnmrfit"
"753","13C-VAN-1","8","C1",0.0341383139637721,"rnmrfit"
"754","13C-VAN-1","8","C2",0.0335258225052692,"rnmrfit"
"755","13C-VAN-1","8","C3",0.0335318654910398,"rnmrfit"
"756","13C-VAN-1","8","C4",0.033041449894062,"rnmrfit"
"757","13C-VAN-1","8","C5",0.0333395512976273,"rnmrfit"
"758","13C-VAN-1","8","C6",0.0336321243886944,"rnmrfit"
"759","13C-VAN-1","8","C7",0.0334559886383271,"rnmrfit"
"760","13C-VAN-1","8","C8",0.0334372558373525,"rnmrfit"
"761","13C-VAN-1","9","C1",0.0340256943348655,"rnmrfit"
"762","13C-VAN-1","9","C2",0.0334007645900233,"rnmrfit"
"763","13C-VAN-1","9","C3",0.0335183174228062,"rnmrfit"
"764","13C-VAN-1","9","C4",0.0328842715466661,"rnmrfit"
"765","13C-VAN-1","9","C5",0.0332523385833718,"rnmrfit"
"766","13C-VAN-1","9","C6",0.03338221202886,"rnmrfit"
"767","13C-VAN-1","9","C7",0.0335516888216735,"rnmrfit"
"768","13C-VAN-1","9","C8",0.033287911331913,"rnmrfit"
"769","13C-VAN-4","4","C1",0.0328784660990885,"rnmrfit"
"770","13C-VAN-4","4","C2",0.032262604236154,"rnmrfit"
"771","13C-VAN-4","4","C3",0.0322753798718041,"rnmrfit"
"772","13C-VAN-4","4","C4",0.0318886578890069,"rnmrfit"
"773","13C-VAN-4","4","C5",0.0321165068432379,"rnmrfit"
"774","13C-VAN-4","4","C6",0.032359188284043,"rnmrfit"
"775","13C-VAN-4","4","C7",0.032379933049553,"rnmrfit"
"776","13C-VAN-4","4","C8",0.0316924630531797,"rnmrfit"
"777","13C-VAN-4","5","C1",0.0328693215577595,"rnmrfit"
"778","13C-VAN-4","5","C2",0.0321761073338752,"rnmrfit"
"779","13C-VAN-4","5","C3",0.0322195212811385,"rnmrfit"
"780","13C-VAN-4","5","C4",0.0317646334575095,"rnmrfit"
"781","13C-VAN-4","5","C5",0.0320523665926247,"rnmrfit"
"782","13C-VAN-4","5","C6",0.0322894214783732,"rnmrfit"
"783","13C-VAN-4","5","C7",0.0323430229964491,"rnmrfit"
"784","13C-VAN-4","5","C8",0.0315503034004219,"rnmrfit"
"785","13C-VAN-4","6","C1",0.0328094589160592,"rnmrfit"
"786","13C-VAN-4","6","C2",0.0322562406745618,"rnmrfit"
"787","13C-VAN-4","6","C3",0.0321591984911002,"rnmrfit"
"788","13C-VAN-4","6","C4",0.0317374984055532,"rnmrfit"
"789","13C-VAN-4","6","C5",0.0320535066485478,"rnmrfit"
"790","13C-VAN-4","6","C6",0.0322726569497045,"rnmrfit"
"791","13C-VAN-4","6","C7",0.0323211573887026,"rnmrfit"
"792","13C-VAN-4","6","C8",0.0314763025678094,"rnmrfit"
"793","13C-VAN-4","7","C1",0.0327054677142622,"rnmrfit"
"794","13C-VAN-4","7","C2",0.0320887335588447,"rnmrfit"
"795","13C-VAN-4","7","C3",0.0321383473946421,"rnmrfit"
"796","13C-VAN-4","7","C4",0.031655497319179,"rnmrfit"
"797","13C-VAN-4","7","C5",0.0319903825172277,"rnmrfit"
"798","13C-VAN-4","7","C6",0.032197943928758,"rnmrfit"
"799","13C-VAN-4","7","C7",0.032245203326656,"rnmrfit"
"800","13C-VAN-4","7","C8",0.0314083851351177,"rnmrfit"
"801","13C-VAN-4","8","C1",0.0326121384462486,"rnmrfit"
"802","13C-VAN-4","8","C2",0.0320804960123794,"rnmrfit"
"803","13C-VAN-4","8","C3",0.0320721924315347,"rnmrfit"
"804","13C-VAN-4","8","C4",0.0314928167803125,"rnmrfit"
"805","13C-VAN-4","8","C5",0.0318606315697006,"rnmrfit"
"806","13C-VAN-4","8","C6",0.0320000542782137,"rnmrfit"
"807","13C-VAN-4","8","C7",0.032104976494618,"rnmrfit"
"808","13C-VAN-4","8","C8",0.0313349017864805,"rnmrfit"
"809","13C-VAN-4","9","C1",0.0327648566753546,"rnmrfit"
"810","13C-VAN-4","9","C2",0.0322195041094248,"rnmrfit"
"811","13C-VAN-4","9","C3",0.0321778604141398,"rnmrfit"
"812","13C-VAN-4","9","C4",0.0316327809382179,"rnmrfit"
"813","13C-VAN-4","9","C5",0.032035819474557,"rnmrfit"
"814","13C-VAN-4","9","C6",0.0321862829340514,"rnmrfit"
"815","13C-VAN-4","9","C7",0.0322318527133341,"rnmrfit"
"816","13C-VAN-4","9","C8",0.0314999697233235,"rnmrfit"
"817","13C-VAN-8","4","C1",0.0339410775216524,"rnmrfit"
"818","13C-VAN-8","4","C2",0.0333415100275242,"rnmrfit"
"819","13C-VAN-8","4","C3",0.0333046081900604,"rnmrfit"
"820","13C-VAN-8","4","C4",0.0328637716404729,"rnmrfit"
"821","13C-VAN-8","4","C5",0.0334386353636257,"rnmrfit"
"822","13C-VAN-8","4","C6",0.0335201874857271,"rnmrfit"
"823","13C-VAN-8","4","C7",0.0334497532825066,"rnmrfit"
"824","13C-VAN-8","4","C8",0.0335756198152733,"rnmrfit"
"825","13C-VAN-8","5","C1",0.033863760328279,"rnmrfit"
"826","13C-VAN-8","5","C2",0.0333473044980066,"rnmrfit"
"827","13C-VAN-8","5","C3",0.0331651682323226,"rnmrfit"
"828","13C-VAN-8","5","C4",0.0327853203275326,"rnmrfit"
"829","13C-VAN-8","5","C5",0.033293408412976,"rnmrfit"
"830","13C-VAN-8","5","C6",0.0333637478490473,"rnmrfit"
"831","13C-VAN-8","5","C7",0.0334207059410269,"rnmrfit"
"832","13C-VAN-8","5","C8",0.0334168154153005,"rnmrfit"
"833","13C-VAN-8","6","C1",0.033781750920177,"rnmrfit"
"834","13C-VAN-8","6","C2",0.0332650602537634,"rnmrfit"
"835","13C-VAN-8","6","C3",0.033201045572664,"rnmrfit"
"836","13C-VAN-8","6","C4",0.0326743457316135,"rnmrfit"
"837","13C-VAN-8","6","C5",0.0332315921149936,"rnmrfit"
"838","13C-VAN-8","6","C6",0.0333183988423372,"rnmrfit"
"839","13C-VAN-8","6","C7",0.0333250657814511,"rnmrfit"
"840","13C-VAN-8","6","C8",0.0334501537501427,"rnmrfit"
"841","13C-VAN-8","7","C1",0.0338764876183085,"rnmrfit"
"842","13C-VAN-8","7","C2",0.0333688213730945,"rnmrfit"
"843","13C-VAN-8","7","C3",0.0333156162511951,"rnmrfit"
"844","13C-VAN-8","7","C4",0.0327675152069651,"rnmrfit"
"845","13C-VAN-8","7","C5",0.0332734169142041,"rnmrfit"
"846","13C-VAN-8","7","C6",0.0334059248078482,"rnmrfit"
"847","13C-VAN-8","7","C7",0.0335053233850262,"rnmrfit"
"848","13C-VAN-8","7","C8",0.0336015648013077,"rnmrfit"
"849","13C-VAN-8","8","C1",0.0336985937873692,"rnmrfit"
"850","13C-VAN-8","8","C2",0.0331920946550805,"rnmrfit"
"851","13C-VAN-8","8","C3",0.0332096524817549,"rnmrfit"
"852","13C-VAN-8","8","C4",0.0327151419813471,"rnmrfit"
"853","13C-VAN-8","8","C5",0.0331976500486605,"rnmrfit"
"854","13C-VAN-8","8","C6",0.0332733329320777,"rnmrfit"
"855","13C-VAN-8","8","C7",0.0333713588720696,"rnmrfit"
"856","13C-VAN-8","8","C8",0.0334675632056044,"rnmrfit"
"857","13C-VAN-8","9","C1",0.0339449338558706,"rnmrfit"
"858","13C-VAN-8","9","C2",0.0333651407018323,"rnmrfit"
"859","13C-VAN-8","9","C3",0.0333657816424706,"rnmrfit"
"860","13C-VAN-8","9","C4",0.0329399236679673,"rnmrfit"
"861","13C-VAN-8","9","C5",0.0334318871717414,"rnmrfit"
"862","13C-VAN-8","9","C6",0.0334959392281018,"rnmrfit"
"863","13C-VAN-8","9","C7",0.0334881231829505,"rnmrfit"
"864","13C-VAN-8","9","C8",0.033592844348096,"rnmrfit"
"865","13C-VANA-1","4","C1",0.0270141431833865,"rnmrfit"
"866","13C-VANA-1","4","C2",0.0265951994941149,"rnmrfit"
"867","13C-VANA-1","4","C3",0.0265883462155944,"rnmrfit"
"868","13C-VANA-1","4","C4",0.0261246524649819,"rnmrfit"
"869","13C-VANA-1","4","C5",0.0263858906029333,"rnmrfit"
"870","13C-VANA-1","4","C6",0.026650451679641,"rnmrfit"
"871","13C-VANA-1","4","C7",0.0265795876190624,"rnmrfit"
"872","13C-VANA-1","4","C8",0.0263220553855226,"rnmrfit"
"873","13C-VANA-1","5","C1",0.0271880263473758,"rnmrfit"
"874","13C-VANA-1","5","C2",0.0266061215760953,"rnmrfit"
"875","13C-VANA-1","5","C3",0.0267105345233331,"rnmrfit"
"876","13C-VANA-1","5","C4",0.0261816489913493,"rnmrfit"
"877","13C-VANA-1","5","C5",0.0265623435459201,"rnmrfit"
"878","13C-VANA-1","5","C6",0.0267160866667855,"rnmrfit"
"879","13C-VANA-1","5","C7",0.0266868792519857,"rnmrfit"
"880","13C-VANA-1","5","C8",0.0263017125259215,"rnmrfit"
"881","13C-VANA-1","6","C1",0.0275082746147344,"rnmrfit"
"882","13C-VANA-1","6","C2",0.027132981563753,"rnmrfit"
"883","13C-VANA-1","6","C3",0.0271130726901124,"rnmrfit"
"884","13C-VANA-1","6","C4",0.0266238047263983,"rnmrfit"
"885","13C-VANA-1","6","C5",0.0269463226679318,"rnmrfit"
"886","13C-VANA-1","6","C6",0.0271236948737311,"rnmrfit"
"887","13C-VANA-1","6","C7",0.0270678206832983,"rnmrfit"
"888","13C-VANA-1","6","C8",0.0267249413833164,"rnmrfit"
"889","13C-VANA-1","7","C1",0.0274912954902648,"rnmrfit"
"890","13C-VANA-1","7","C2",0.0270260825089485,"rnmrfit"
"891","13C-VANA-1","7","C3",0.0269842334406096,"rnmrfit"
"892","13C-VANA-1","7","C4",0.026518457504861,"rnmrfit"
"893","13C-VANA-1","7","C5",0.0268710456885654,"rnmrfit"
"894","13C-VANA-1","7","C6",0.027039072015012,"rnmrfit"
"895","13C-VANA-1","7","C7",0.0269704242882503,"rnmrfit"
"896","13C-VANA-1","7","C8",0.0266544759737682,"rnmrfit"
"897","13C-VANA-1","8","C1",0.0273079753135169,"rnmrfit"
"898","13C-VANA-1","8","C2",0.0267716917093985,"rnmrfit"
"899","13C-VANA-1","8","C3",0.0268086121762823,"rnmrfit"
"900","13C-VANA-1","8","C4",0.0264034482969094,"rnmrfit"
"901","13C-VANA-1","8","C5",0.0266355629086374,"rnmrfit"
"902","13C-VANA-1","8","C6",0.0268522698484745,"rnmrfit"
"903","13C-VANA-1","8","C7",0.0268309344940345,"rnmrfit"
"904","13C-VANA-1","8","C8",0.0264360808654582,"rnmrfit"
"905","13C-VANA-1","9","C1",0.0272769785393824,"rnmrfit"
"906","13C-VANA-1","9","C2",0.0267045515955965,"rnmrfit"
"907","13C-VANA-1","9","C3",0.0266788111744222,"rnmrfit"
"908","13C-VANA-1","9","C4",0.0263532357024842,"rnmrfit"
"909","13C-VANA-1","9","C5",0.0265922384728126,"rnmrfit"
"910","13C-VANA-1","9","C6",0.0268143704555999,"rnmrfit"
"911","13C-VANA-1","9","C7",0.026798560062948,"rnmrfit"
"912","13C-VANA-1","9","C8",0.0263467998379659,"rnmrfit"
"913","13C-VANB-1","4","C1",0.0330510032721262,"rnmrfit"
"914","13C-VANB-1","4","C2",0.0324028744976685,"rnmrfit"
"915","13C-VANB-1","4","C3",0.0323623442058472,"rnmrfit"
"916","13C-VANB-1","4","C4",0.0320261309296139,"rnmrfit"
"917","13C-VANB-1","4","C5",0.0324349640828428,"rnmrfit"
"918","13C-VANB-1","4","C6",0.0325201020369922,"rnmrfit"
"919","13C-VANB-1","4","C7",0.0325841261822403,"rnmrfit"
"920","13C-VANB-1","4","C8",0.0326873382343788,"rnmrfit"
"921","13C-VANB-1","5","C1",0.0328333176015087,"rnmrfit"
"922","13C-VANB-1","5","C2",0.0322146454404549,"rnmrfit"
"923","13C-VANB-1","5","C3",0.032260405765432,"rnmrfit"
"924","13C-VANB-1","5","C4",0.0317888224062411,"rnmrfit"
"925","13C-VANB-1","5","C5",0.0322458530218366,"rnmrfit"
"926","13C-VANB-1","5","C6",0.0324436855387487,"rnmrfit"
"927","13C-VANB-1","5","C7",0.0324745132910791,"rnmrfit"
"928","13C-VANB-1","5","C8",0.0326879009694595,"rnmrfit"
"929","13C-VANB-1","6","C1",0.0328419400853548,"rnmrfit"
"930","13C-VANB-1","6","C2",0.0322323231236742,"rnmrfit"
"931","13C-VANB-1","6","C3",0.0322987678567817,"rnmrfit"
"932","13C-VANB-1","6","C4",0.0318278011326937,"rnmrfit"
"933","13C-VANB-1","6","C5",0.0324126574056037,"rnmrfit"
"934","13C-VANB-1","6","C6",0.032404182001465,"rnmrfit"
"935","13C-VANB-1","6","C7",0.032373809863382,"rnmrfit"
"936","13C-VANB-1","6","C8",0.032552465631144,"rnmrfit"
"937","13C-VANB-1","7","C1",0.0329539594814666,"rnmrfit"
"938","13C-VANB-1","7","C2",0.032376788540859,"rnmrfit"
"939","13C-VANB-1","7","C3",0.0323176763546498,"rnmrfit"
"940","13C-VANB-1","7","C4",0.0318826321257792,"rnmrfit"
"941","13C-VANB-1","7","C5",0.0322330125902741,"rnmrfit"
"942","13C-VANB-1","7","C6",0.0324894485434285,"rnmrfit"
"943","13C-VANB-1","7","C7",0.0323184362400519,"rnmrfit"
"944","13C-VANB-1","7","C8",0.032536740971181,"rnmrfit"
"945","13C-VANB-1","8","C1",0.0329102434755864,"rnmrfit"
"946","13C-VANB-1","8","C2",0.0323483484766141,"rnmrfit"
"947","13C-VANB-1","8","C3",0.0321897021886059,"rnmrfit"
"948","13C-VANB-1","8","C4",0.0317610301898459,"rnmrfit"
"949","13C-VANB-1","8","C5",0.0323039879402914,"rnmrfit"
"950","13C-VANB-1","8","C6",0.0323029158948994,"rnmrfit"
"951","13C-VANB-1","8","C7",0.0323211762078876,"rnmrfit"
"952","13C-VANB-1","8","C8",0.0326028870334152,"rnmrfit"
"953","13C-VANB-1","9","C1",0.0328481375150519,"rnmrfit"
"954","13C-VANB-1","9","C2",0.03216888501203,"rnmrfit"
"955","13C-VANB-1","9","C3",0.0321063305587525,"rnmrfit"
"956","13C-VANB-1","9","C4",0.0316849814898419,"rnmrfit"
"957","13C-VANB-1","9","C5",0.0322376652790954,"rnmrfit"
"958","13C-VANB-1","9","C6",0.0323117354242166,"rnmrfit"
"959","13C-VANB-1","9","C7",0.0323739253393913,"rnmrfit"
"960","13C-VANB-1","9","C8",0.0324380451672353,"rnmrfit"
